muni_id,municipality,county_id,county,population,land_area,mean_age,median_age,college_share,median_income,cars,electric_cars
0301,Oslo,03,Oslo,724290,426,38.7,36,56.4,635200,246809,120469
4601,Bergen,46,Vestland,293709,445,40.3,38,46.8,671700,122239,60695
5001,Trondheim - Tråante,50,Trøndelag - Trööndelage,216518,496,39.5,36,48.0,659600,92529,37742
1103,Stavanger,11,Rogaland,150123,256,39.9,38,46.9,732600,69615,27663
3201,Bærum,32,Akershus,132358,189,41.4,41,56.4,837100,78279,38369
4204,Kristiansand,42,Agder,118221,610,40,38,39.8,657200,60302,23266
3301,Drammen,33,Buskerud,105452,305,41.7,41,34.8,655900,53019,16852
3203,Asker,32,Akershus,100492,364,41.6,42,48.7,821700,55102,23235
3205,Lillestrøm,32,Akershus,95762,410,40.2,39,36.5,723500,46596,17911
3107,Fredrikstad,31,Østfold,85862,284,43,43,33.5,647800,45768,16813
1108,Sandnes,11,Rogaland,84908,943,38.6,38,38.1,756600,44567,17401
5501,Tromsø,55,Troms - Romsa - Tromssa,79421,2472,40,38,46.9,658600,36770,9496
3907,Sandefjord,39,Vestfold,66758,414,42.9,43,32.3,646600,39270,11874
3207,Nordre Follo,32,Akershus,64668,196,40.9,40,44.9,806400,31535,13554
3105,Sarpsborg,31,Østfold,60139,370,42,41,28.0,637700,33836,10455
3905,Tønsberg,39,Vestfold,59830,326,42.3,42,39.1,658000,34352,11646
1508,Ålesund,15,Møre og Romsdal,59198,353,41,40,38.6,691800,32476,11181
4003,Skien,40,Telemark,56866,719,42.9,43,32.5,639800,31879,10178
1804,Bodø,18,Nordland - Nordlánnda,53725,1311,41.2,40,41.1,689600,27475,8872
3103,Moss,31,Østfold,52646,128,43.5,44,34.8,646500,28686,9922
3222,Lørenskog,32,Akershus,50013,67,39.5,38,39.5,695900,22175,10140
3909,Larvik,39,Vestfold,48870,771,44.4,45,30.9,650100,28844,8260
3118,Indre Østfold,31,Østfold,47449,755,42.7,43,25.8,649400,28403,7130
4203,Arendal,42,Agder,46568,255,43.2,43,34.2,642800,26308,6708
3209,Ullensaker,32,Akershus,45066,250,38.7,38,30.8,675500,24247,8680
1149,Karmøy,11,Rogaland,43723,219,40.9,40,26.7,737500,24854,7987
4626,Øygarden,46,Vestland,40105,300,40.3,40,27.8,778200,22582,10169
1106,Haugesund,11,Rogaland,38441,68,41.8,41,36.6,636300,19892,6504
4001,Porsgrunn,40,Telemark,37289,161,43.3,43,33.3,661400,20883,7233
3411,Ringsaker,34,Innlandet,35911,1123,43.4,44,27.8,658800,23174,4809
3403,Hamar,34,Innlandet,33441,338,43.7,43,43.1,639200,19578,5560
1506,Molde,15,Møre og Romsdal,33163,1435,42.8,42,39.2,680200,19712,5727
3101,Halden,31,Østfold,32038,595,43.7,44,31.0,624100,18581,4885
3305,Ringerike,33,Buskerud,31793,1422,43.9,44,29.7,616900,19205,5000
3407,Gjøvik,34,Innlandet,31175,629,43.1,42,33.8,622900,18268,4028
4627,Askøy,46,Vestland,30377,94,39.5,39,32.3,826600,15918,8399
4631,Alver,46,Vestland,30169,651,41.6,41,27.7,754100,17401,6260
1124,Sola,11,Rogaland,29153,69,38.8,38,40.9,838300,17190,7004
3303,Kongsberg,33,Buskerud,29011,754,42.8,42,41.0,686900,16820,4369
3405,Lillehammer,34,Innlandet,29011,451,43.1,42,44.3,665000,15676,3857
3312,Lier,33,Buskerud,28642,282,41.2,41,39.6,761700,16260,6087
3240,Eidsvoll,32,Akershus,28352,386,40.4,40,30.2,700400,15833,4101
3901,Horten,39,Vestfold,28039,69,43.9,44,35.8,644100,14814,4314
3911,Færder,39,Vestfold,27569,100,44.6,46,40.8,704500,15296,5199
3903,Holmestrand,39,Vestfold,27005,412,43,43,31.4,700300,16023,4601
4624,Bjørnafjorden,46,Vestland,26342,487,40.6,40,33.4,771700,14468,6257
3232,Nittedal,32,Akershus,26023,179,40.2,41,39.8,825200,13317,5498
1833,Rana - Raane,18,Nordland - Nordlánnda,25927,4203,43.5,43,29.1,684300,15340,2990
4202,Grimstad,42,Agder,25419,272,40.3,38,38.0,676700,14545,4280
5503,Harstad - Hárstták,55,Troms - Romsa - Tromssa,25167,428,43.2,42,35.6,663500,14036,3502
5035,Stjørdal,50,Trøndelag - Trööndelage,24927,913,42.2,42,31.3,693200,14669,4606
3228,Nes,32,Akershus,24897,612,41.4,41,26.3,723300,15250,4154
1505,Kristiansund,15,Møre og Romsdal,24578,86,43.6,43,30.4,634200,13332,3869
5006,Steinkjer,50,Trøndelag - Trööndelage,24064,1937,44,44,30.0,645600,14258,3743
4205,Lindesnes,42,Agder,23768,883,42.5,42,30.1,654400,13249,3564
4647,Sunnfjord,46,Vestland,22662,2065,40.7,39,36,735300,13200,3783
3218,Ås,32,Akershus,22344,101,39.1,37,48.4,716800,10583,3994
3420,Elverum,34,Innlandet,21899,1209,43.1,43,33.1,632700,12983,2672
5601,Alta,56,Finnmark - Finnmárku - Finmarkku,21877,3651,39,37,34.8,722600,12702,1892
3413,Stange,34,Innlandet,21691,641,43.1,43,33.5,668200,13558,3082
1806,Narvik,18,Nordland - Nordlánnda,21591,3195,44.2,44,32.4,654100,12349,3511
1120,Klepp,11,Rogaland,21186,102,38.2,37,28.1,790400,12650,3591
3314,Øvre Eiker,33,Buskerud,20861,418,42,42,28.8,681500,12619,3209
5037,Levanger - Levangke,50,Trøndelag - Trööndelage,20732,610,42.1,41,37.8,689900,12155,2875
3212,Nesodden,32,Akershus,20698,61,41.8,43,51.0,792400,8966,3063
3224,Rælingen,32,Akershus,20509,56,38.9,38,36.5,739500,9591,3783
1121,Time,11,Rogaland,20157,171,39.1,38,33.3,772500,11337,3609
1119,Hå,11,Rogaland,20067,248,38.6,37,24,744100,11095,2754
3216,Vestby,32,Akershus,19855,134,41.2,41,37.7,764200,10775,4187
4614,Stord,46,Vestland,19350,137,41,40,34.0,736800,9952,3579
5059,Orkland,50,Trøndelag - Trööndelage,18798,1818,43.7,44,24.4,672100,11599,2793
3226,Aurskog-Høland,32,Akershus,18314,1053,43.4,44,22.6,672600,11257,2509
3401,Kongsvinger,34,Innlandet,18109,953,45.5,47,27.5,601200,10896,2092
5028,Melhus,50,Trøndelag - Trööndelage,17812,653,40.8,40,27.4,726400,10462,3437
4602,Kinn,46,Vestland,17419,763,42.2,42,29.1,706500,9451,2174
3238,Nannestad,32,Akershus,16505,324,38.9,38,26.8,719600,9407,2840
4621,Voss,46,Vestland,16436,1958,42.9,42,33.5,708700,8868,2021
3214,Frogn,32,Akershus,16337,85,45.1,48,41.3,748300,8992,3638
4223,Vennesla,42,Agder,15622,362,40.1,39,23.9,656300,8470,2391
5038,Verdal,50,Trøndelag - Trööndelage,15412,1475,43.1,43,26.3,646200,9620,2053
1101,Eigersund,11,Rogaland,15375,387,41.6,41,27.5,707300,8383,2078
5007,Namsos - Nåavmesjenjaelmie,50,Trøndelag - Trööndelage,15154,1998,43.2,43,31.5,657100,8839,2193
5031,Malvik,50,Trøndelag - Trööndelage,15023,162,39.7,39,39.8,795000,8303,3598
5530,Senja,55,Troms - Romsa - Tromssa,14948,1861,43.6,43,25.9,644200,9240,1381
3442,Østre Toten,34,Innlandet,14827,485,44.9,46,27.1,647700,10546,1789
3316,Modum,33,Buskerud,14664,463,43.9,44,24.9,632100,9244,2004
4012,Bamble,40,Telemark,14310,282,44.4,45,26.8,711400,8483,2519
1130,Strand,11,Rogaland,13813,235,39.5,38,28.9,747600,7117,2510
3446,Gran,34,Innlandet,13660,657,45.3,47,25.4,667400,8629,2086
3443,Vestre Toten,34,Innlandet,13649,233,44.1,45,25.0,629400,9047,1553
1824,Vefsn,18,Nordland - Nordlánnda,13475,1838,43.9,44,28.0,649400,8321,2240
1579,Hustadvika,15,Møre og Romsdal,13460,508,42.4,42,24.0,698700,9351,2176
4005,Notodden,40,Telemark,13333,912,44.1,44,30.1,622200,7945,1862
4617,Kvinnherad,46,Vestland,13175,1042,44.1,45,26.7,708500,7735,1937
1122,Gjesdal,11,Rogaland,12536,558,37.7,37,28.3,806800,6940,2171
4640,Sogndal,46,Vestland,12496,1229,40.3,38,43.5,715100,6843,1461
4613,Bømlo,46,Vestland,12365,236,41.3,41,27.4,755900,7021,2712
1127,Randaberg,11,Rogaland,11795,24,40,39,36.1,811500,6232,2542
4215,Lillesand,42,Agder,11734,180,42.2,42,36.4,724800,6337,2302
1146,Tysvær,11,Rogaland,11715,400,39.7,39,28.7,781700,6848,2046
1860,Vestvågøy,18,Nordland - Nordlánnda,11582,407,42.2,41,29.4,657800,7159,1100
3220,Enebakk,32,Akershus,11549,195,41.2,42,26.9,739000,6433,2005
5603,Hammerfest - Hámmerfeasta,56,Finnmark - Finnmárku - Finmarkku,11324,2558,41.5,40,31.9,681600,5677,845
4020,Midt-Telemark,40,Telemark,11135,487,41.9,40,35.5,618900,6560,1462
1577,Volda,15,Møre og Romsdal,11131,834,41.2,39,41.9,671000,6276,1477
1520,Ørsta,15,Møre og Romsdal,11055,650,42.5,42,30.1,701100,7134,1545
4618,Ullensvang,46,Vestland,10981,2962,45.3,46,28.1,685300,6196,1239
4225,Lyngdal,42,Agder,10869,606,40.2,39,25.6,681600,6413,1371
1870,Sortland - Suortá,18,Nordland - Nordlánnda,10781,697,42.2,41,29.1,656100,6611,1464
5057,Ørland,50,Trøndelag - Trööndelage,10627,429,42.8,41,24.9,657700,6853,1418
4014,Kragerø,40,Telemark,10446,289,46.6,49,29.1,615000,5633,1430
5054,Indre Fosen,50,Trøndelag - Trööndelage,10042,1030,44.8,46,24.5,652000,6438,1472
5605,Sør-Varanger,56,Finnmark - Finnmárku - Finmarkku,9963,3459,43.2,43,33.5,657700,6060,678
5060,Nærøysund,50,Trøndelag - Trööndelage,9921,1286,41.6,41,23.2,676500,6015,936
4206,Farsund,42,Agder,9880,252,43.3,44,25.6,668600,6068,1198
1865,Vågan,18,Nordland - Nordlánnda,9871,460,43.1,43,31.3,611200,5367,870
1841,Fauske - Fuossko,18,Nordland - Nordlánnda,9805,1107,44.8,45,26.8,660300,6158,1028
1531,Sula,15,Møre og Romsdal,9759,57,39.8,39,31.0,743800,5509,1777
4649,Stad,46,Vestland,9655,695,43.1,43,30.6,707800,5742,1055
3234,Lunner,32,Akershus,9420,272,43.3,44,30.0,710800,5595,1624
1580,Haram,15,Møre og Romsdal,9409,254,43.5,44,26.5,701100,5699,1587
4207,Flekkefjord,42,Agder,9329,482,42.9,43,29.6,667500,5230,1021
1160,Vindafjord,11,Rogaland,9069,599,41.7,41,26.8,715400,5648,1434
1515,Herøy (Møre og Romsdal),15,Møre og Romsdal,9031,118,43.1,43,25.4,737000,5552,1597
1516,Ulstein,15,Møre og Romsdal,8862,95,41.2,41,36.6,736500,5181,1764
1532,Giske,15,Møre og Romsdal,8773,40,40,39,31.8,810000,6472,2455
3120,Rakkestad,31,Østfold,8527,421,43.5,44,22.6,663900,5366,1100
5029,Skaun,50,Trøndelag - Trööndelage,8521,213,39.7,39,31.1,807200,5048,1804
4622,Kvam,46,Vestland,8517,580,44,44,30.4,720100,4838,1192
1866,Hadsel,18,Nordland - Nordlánnda,8400,551,44,44,30.4,640000,4855,889
4630,Osterøy,46,Vestland,8172,244,42.4,42,24.3,710700,4744,1422
3415,Sør-Odal,34,Innlandet,8150,479,45.3,47,23.5,671000,5537,1065
3412,Løten,34,Innlandet,7931,362,43.6,44,25.4,658000,10569,4170
3112,Råde,31,Østfold,7850,105,43.7,44,29.9,719500,4825,1437
1813,Brønnøy,18,Nordland - Nordlánnda,7838,999,43.3,44,27.9,646300,4545,710
1528,Sykkylven,15,Møre og Romsdal,7626,329,44.2,45,28.8,688700,4578,1059
1820,Alstahaug,18,Nordland - Nordlánnda,7465,187,43.8,43,31.4,651000,4081,896
3230,Gjerdrum,32,Akershus,7453,82,41.8,43,32.9,789900,4328,1699
5021,Oppdal,50,Trøndelag - Trööndelage,7408,2201,43.2,43,29.7,647000,4294,746
4651,Stryn,46,Vestland,7311,1326,42.6,42,29.6,666000,4621,798
3418,Åsnes,34,Innlandet,7247,1004,48,51,22.5,580400,5354,487
1535,Vestnes,15,Møre og Romsdal,7242,399,44.1,45,24.1,653700,4614,1021
1539,Rauma,15,Møre og Romsdal,7196,1390,43.9,44,27.9,658700,4365,848
1563,Sunndal,15,Møre og Romsdal,7193,1648,44.4,45,28.1,663200,4423,801
3310,Hole,33,Buskerud,7065,135,42.7,44,42.4,762000,4526,1703
3236,Jevnaker,32,Akershus,7043,194,43.7,44,27.7,665200,4290,1300
5053,Inderøy,50,Trøndelag - Trööndelage,7031,351,43.3,43,33.8,708600,4506,1186
5524,Målselv,55,Troms - Romsa - Tromssa,6794,3203,42.3,40,28.6,646500,4608,588
4201,Risør,42,Agder,6687,171,46.6,49,30.1,611600,3674,884
4018,Nome,40,Telemark,6558,385,44.8,46,27.4,633700,4222,793
3448,Nordre Land,34,Innlandet,6544,920,45.7,48,21.1,591700,4367,479
3421,Trysil,34,Innlandet,6542,2941,46.7,49,24.9,578300,4085,453
4213,Tvedestrand,42,Agder,6464,212,44.8,46,28.6,628000,3752,784
3451,Nord-Aurdal,34,Innlandet,6455,849,45.5,47,26.9,597600,4365,687
4214,Froland,42,Agder,6260,601,40.3,39,24.4,694000,3885,688
3441,Gausdal,34,Innlandet,6174,1146,45.5,47,25.3,640000,4241,563
4227,Kvinesdal,42,Agder,6163,886,42.4,42,23.3,662900,3759,571
3114,Våler (Østfold),31,Østfold,6162,239,39.7,40,28.3,752900,3745,1183
5027,Midtre Gauldal,50,Trøndelag - Trööndelage,6141,1803,42.8,42,21.5,662800,3660,751
5055,Heim,50,Trøndelag - Trööndelage,6134,980,45,46,22.8,646300,3790,781
1837,Meløy,18,Nordland - Nordlánnda,6104,798,44.6,45,22.0,667300,3628,746
3416,Eidskog,34,Innlandet,6059,603,48.1,52,19.6,576100,4264,470
1554,Averøy,15,Møre og Romsdal,5992,173,44,45,27.6,711800,3801,1317
1566,Surnadal,15,Møre og Romsdal,5950,1315,45,46.5,26.8,647000,3938,742
4650,Gloppen,46,Vestland,5936,963,43.3,43,35.6,712700,3501,773
5607,Vadsø,56,Finnmark - Finnmárku - Finmarkku,5777,1233,43.7,44,35.8,649000,3485,430
4612,Sveio,46,Vestland,5752,224,41.5,41,27.6,742900,3523,1028
3427,Tynset,34,Innlandet,5722,1822,43.5,43,34.2,650900,3576,476
5025,Røros - Rosse,50,Trøndelag - Trööndelage,5681,1756,45.9,48,32.3,636100,3354,445
5014,Frøya,50,Trøndelag - Trööndelage,5655,230,40.6,38,25.3,623400,3235,708
3437,Sel,34,Innlandet,5623,888,46.3,49,23.7,605200,3646,464
3447,Søndre Land,34,Innlandet,5597,659,46.3,49,24.3,601500,3644,462
5532,Balsfjord,55,Troms - Romsa - Tromssa,5595,1440,45.7,48,21.5,618000,3719,534
3436,Nord-Fron,34,Innlandet,5553,1092,46.4,49,23.7,606400,3690,544
4026,Tinn,40,Telemark,5529,1848,47,50,25.2,614100,3109,591
4625,Austevoll,46,Vestland,5437,114,40.4,40,27.3,822100,2869,1409
4644,Luster,46,Vestland,5432,2597,42.9,42,32.1,694600,3332,672
5056,Hitra,50,Trøndelag - Trööndelage,5414,715,42.8,42,24.4,619000,3243,707
4216,Birkenes,42,Agder,5413,596,39.8,39,25.8,690700,3050,731
1517,Hareid,15,Møre og Romsdal,5320,77,41.6,41,27.6,687100,3092,796
4643,Årdal,46,Vestland,5213,930,45.4,47,26.1,685200,3101,767
3440,Øyer,34,Innlandet,5134,616,44.1,45,28.3,644100,3218,611
3414,Nord-Odal,34,Innlandet,5006,475,47.6,51,20.9,610600,3491,476
3324,Gol,33,Buskerud,4888,514,44.7,46,25.6,599900,2952,558
3328,Ål,33,Buskerud,4835,1081,44.8,46,31.0,662000,2923,596
1840,Saltdal,18,Nordland - Nordlánnda,4822,2084,45.1,46,26.2,652800,2933,339
5544,Nordreisa - Ráisa - Raisi,55,Troms - Romsa - Tromssa,4810,3334,44.1,44,28.3,662100,2913,394
3110,Hvaler,31,Østfold,4777,90,50.1,55,32.5,719600,2785,1056
1868,Øksnes,18,Nordland - Nordlánnda,4628,311,44.4,44.5,22.2,597200,2641,392
1135,Sauda,11,Rogaland,4600,508,43.4,44,26.8,670600,2363,432
1871,Andøy,18,Nordland - Nordlánnda,4542,617,46.3,48,26.6,637900,2836,441
3330,Hol,33,Buskerud,4527,1653,45.4,46,29.8,611700,2581,494
3417,Grue,34,Innlandet,4513,777,49.4,53,21.4,570400,3382,326
1832,Hemnes,18,Nordland - Nordlánnda,4485,1430,45.3,46,23.5,637500,2773,443
3439,Ringebu,34,Innlandet,4447,1221,45.7,47,25.0,618000,2900,423
1525,Stranda,15,Møre og Romsdal,4380,844,45.2,45,27.5,691200,2695,582
5058,Åfjord,50,Trøndelag - Trööndelage,4342,1251,45.1,48,22.4,661400,2869,513
5032,Selbu,50,Trøndelag - Trööndelage,4233,1140,44.8,46,26.2,678100,2836,510
5512,Dielddanuorri - Tjeldsund,55,Troms - Romsa - Tromssa,4209,775,47.3,50,26.3,647800,2806,527
3422,Åmot,34,Innlandet,4205,1293,44.6,44,25.4,591000,2631,349
4611,Etne,46,Vestland,4093,691,43.3,44,26.1,717600,2460,521
4016,Drangedal,40,Telemark,4067,995,44.6,46,22.3,613200,2514,373
5520,Bardu,55,Troms - Romsa - Tromssa,3961,2514,41.8,39,31.0,668300,2414,382
3116,Skiptvet,31,Østfold,3956,93,42.4,42,21.6,673200,2432,542
5047,Overhalla,50,Trøndelag - Trööndelage,3946,689,40.8,39,30.1,711700,2294,591
1134,Suldal,11,Rogaland,3939,1582,43,44,28.1,733000,2220,450
5622,Porsanger - Porsángu - Porsanki,56,Finnmark - Finnmárku - Finmarkku,3896,4641,45.4,47,30.0,653000,2500,230
4638,Høyanger,46,Vestland,3894,928,46.7,49,24.9,651100,2348,462
4628,Vaksdal,46,Vestland,3875,682,44.2,44,25.7,655500,2073,509
4036,Vinje,40,Telemark,3861,2725,44.2,44,30.6,635900,2329,356
4219,Evje og Hornnes,42,Agder,3828,549,42.2,42,26.4,628800,2206,433
1547,Aukra,15,Møre og Romsdal,3759,61,41.7,41,30.1,713800,2276,604
3122,Marker,31,Østfold,3655,368,46.5,49,23.3,616200,2436,493
3419,Våler (Innlandet),34,Innlandet,3559,678,48.3,52,21.4,568200,2623,289
5526,Sørreisa,55,Troms - Romsa - Tromssa,3533,347,42.7,43,28.6,661500,2340,355
3332,Sigdal,33,Buskerud,3530,811,46.7,49,21.4,632300,2389,318
3435,Vågå,34,Innlandet,3529,1252,45.9,48,24.6,639500,2320,326
1576,Aure,15,Møre og Romsdal,3394,622,46.8,49,25.1,642100,2127,364
1111,Sokndal,11,Rogaland,3371,267,42.5,43,21,691500,1897,353
4648,Bremanger,46,Vestland,3361,786,46.8,49,23.9,676900,1898,394
3453,Øystre Slidre,34,Innlandet,3311,886,45.4,47,29.1,617000,2296,231
3322,Nesbyen,33,Buskerud,3266,772,47.3,50,27.2,629000,2034,386
1112,Lund,11,Rogaland,3259,354,41.9,42,22.8,700800,1823,332
4615,Fitjar,46,Vestland,3208,135,42.4,43,25.2,774700,1904,605
3438,Sør-Fron,34,Innlandet,3128,712,45.2,47,24.6,615200,2170,299
1560,Tingvoll,15,Møre og Romsdal,3077,322,45.8,48,27.5,647300,1912,363
1511,Vanylven,15,Møre og Romsdal,3048,365,48.4,52,24.1,670600,2086,343
3242,Hurdal,32,Akershus,3022,261,43.8,44,25.3,623500,1858,383
4616,Tysnes,46,Vestland,2986,245,45,45,27.4,665600,1736,420
4022,Seljord,40,Telemark,2981,669,44.8,46,29.1,635100,1814,359
5620,Nordkapp,56,Finnmark - Finnmárku - Finmarkku,2956,892,45.5,47,25.4,621100,1422,140
4645,Askvoll,46,Vestland,2930,313,46.1,48,28.0,683200,1613,325
4646,Fjaler,46,Vestland,2924,390,41.8,40,31.7,597600,1563,411
4632,Austrheim,46,Vestland,2915,57,44.5,45,21.6,740200,1804,511
1114,Bjerkreim,11,Rogaland,2905,577,40.1,39,23.9,842900,1790,392
5510,Kvæfjord,55,Troms - Romsa - Tromssa,2852,497,45.6,47.5,30.1,663400,1766,323
5612,Guovdageaidnu - Kautokeino,56,Finnmark - Finnmárku - Finmarkku,2852,8972,42.3,43,33.3,691100,1605,113
3449,Sør-Aurdal,34,Innlandet,2822,1068,47.4,50,23.5,583200,1955,302
5628,Deatnu - Tana,56,Finnmark - Finnmárku - Finmarkku,2798,3832,46,49,27.1,623900,1792,180
3334,Flesberg,33,Buskerud,2797,538,44.1,44,24.1,691700,1858,274
1875,Hábmer - Hamarøy,18,Nordland - Nordlánnda,2786,1838,46.4,47,29.1,624000,1604,232
5542,Skjervøy,55,Troms - Romsa - Tromssa,2784,465,43.6,43,23.3,617400,1373,181
5536,Lyngen,55,Troms - Romsa - Tromssa,2734,795,48.3,51,24.3,647900,1739,197
1557,Gjemnes,15,Møre og Romsdal,2708,371,43.6,43.5,26.7,674500,1718,359
3326,Hemsedal,33,Buskerud,2685,712,41.6,41,37.0,631100,1568,418
1133,Hjelmeland,11,Rogaland,2681,948,43,43,29.5,733500,1428,408
1848,Steigen,18,Nordland - Nordlánnda,2662,964,45.5,47,27.7,633700,1698,224
5036,Frosta,50,Trøndelag - Trööndelage,2661,74,45.1,47,25.9,664600,1698,433
1867,Bø,18,Nordland - Nordlánnda,2617,235,49.3,53,22.0,563600,1643,229
4639,Vik,46,Vestland,2550,795,46.2,48,28.1,687200,1510,252
5610,Kárášjohka - Karasjok,56,Finnmark - Finnmárku - Finmarkku,2524,5211,44.2,45,37.1,682200,1441,108
3431,Dovre,34,Innlandet,2516,1349,47.6,50,23.7,588400,1581,194
5022,Rennebu,50,Trøndelag - Trööndelage,2513,924,45.8,49,21.3,635600,1590,274
3428,Alvdal,34,Innlandet,2509,919,42.9,43,25.4,665800,1636,223
1578,Fjord,15,Møre og Romsdal,2506,1143,46.3,49,28.8,677700,1587,336
4211,Gjerstad,42,Agder,2492,308,45.6,48,20.3,600300,1604,269
4623,Samnanger,46,Vestland,2491,257,44.3,45,26.0,744000,1482,442
4028,Kviteseid,40,Telemark,2473,623,46.5,49,31.0,643000,1562,270
5034,Meråker,50,Trøndelag - Trööndelage,2472,1188,45.1,47,24.7,586600,1508,262
3338,Nore og Uvdal,33,Buskerud,2466,2266,46.7,49.5,23.7,609300,1740,192
1514,Sande,15,Møre og Romsdal,2435,90,45.8,48,23.4,646900,1414,326
4010,Siljan,40,Telemark,2389,202,43.9,44,28.8,755500,1518,374
1822,Leirfjord,18,Nordland - Nordlánnda,2354,451,42.9,43,26.9,667100,1450,352
5045,Grong,50,Trøndelag - Trööndelage,2314,1095,45.5,47,28.4,619100,1358,238
4212,Vegårshei,42,Agder,2285,322,41.9,42,28.3,673200,1322,220
4635,Gulen,46,Vestland,2260,577,45.3,46,27.4,682200,1392,250
3423,Stor-Elvdal,34,Innlandet,2250,2127,50.1,54,27.0,521800,1420,91
4034,Tokke,40,Telemark,2238,905,45.1,47,29.3,646400,1433,248
3318,Krødsherad,33,Buskerud,2235,340,45.1,46,26.1,590500,1410,286
5534,Karlsøy,55,Troms - Romsa - Tromssa,2223,1051,48.7,52,21.6,615700,1293,168
3434,Lom,34,Innlandet,2215,1887,46.1,48,26.8,642600,1617,147
4642,Lærdal,46,Vestland,2188,1275,44.8,47,31.4,703200,1361,267
3433,Skjåk,34,Innlandet,2179,1965,47.3,50,24.3,642600,1642,145
1573,Smøla,15,Møre og Romsdal,2168,261,46.3,49,23.5,625200,1197,236
3452,Vestre Slidre,34,Innlandet,2142,415,45,46.5,28.0,641600,1582,208
5041,Snåase - Snåsa,50,Trøndelag - Trööndelage,2138,2146,44.5,45,32.5,661000,1221,245
5522,Salangen,55,Troms - Romsa - Tromssa,2116,438,45.5,48,28.6,592900,1303,216
5632,Båtsfjord,56,Finnmark - Finnmárku - Finmarkku,2107,1417,42.8,42,21.2,592700,991,76
1851,Lødingen,18,Nordland - Nordlánnda,2067,508,49.3,53,25.4,584000,1071,170
5026,Holtålen,50,Trøndelag - Trööndelage,2048,1171,46.9,50,23.9,657600,1273,154
3432,Lesja,34,Innlandet,2006,2167,45.8,48,27.5,675500,1284,164
1838,Gildeskål,18,Nordland - Nordlánnda,2003,622,47.5,50,28.2,617000,1182,206
5634,Vardø,56,Finnmark - Finnmárku - Finmarkku,1982,585,46.7,49,25.9,527000,959,56
1812,Sømna,18,Nordland - Nordlánnda,1979,192,45.2,47,25.4,605700,1313,217
5540,Gáivuotna - Kåfjord - Kaivuono,55,Troms - Romsa - Tromssa,1955,950,48.5,52,23.9,591800,1251,91
1834,Lurøy,18,Nordland - Nordlánnda,1948,258,45.9,46,24.9,623000,884,120
5061,Rindal,50,Trøndelag - Trööndelage,1937,612,45.8,48,24.6,674700,1271,186
4228,Sirdal,42,Agder,1902,1373,41.9,41,30.0,701200,1258,262
3430,Os,34,Innlandet,1895,1007,46.7,50,29.4,644800,1308,106
1818,Herøy (Nordland),18,Nordland - Nordlánnda,1888,64,44.6,44,22.1,626400,1023,113
1845,Sørfold - Fuolldá,18,Nordland - Nordlánnda,1851,1471,47.5,51,21.7,638300,1192,144
3424,Rendalen,34,Innlandet,1846,3061,49.8,54,25.7,522200,1280,88
4641,Aurland,46,Vestland,1836,1376,43.8,41,32.7,638800,1089,229
5538,Storfjord - Omasvuotna - Omasvuono,55,Troms - Romsa - Tromssa,1829,1477,46.9,49,26.4,631800,1259,125
4226,Hægebostad,42,Agder,1786,424,40.7,40,25.9,729600,1153,180
4217,Åmli,42,Agder,1778,1058,44.8,47,25.6,606500,1120,146
1828,Nesna,18,Nordland - Nordlánnda,1770,181,44.3,45,33.8,607300,904,144
4634,Masfjorden,46,Vestland,1687,509,45.8,47,21.8,743500,1060,221
3454,Vang,34,Innlandet,1648,1309,45,46,30.7,642900,1091,133
4024,Hjartdal,40,Telemark,1646,737,44.9,47,25.2,670900,1011,120
3426,Tolga,34,Innlandet,1606,1097,43,43,35.3,646200,970,125
3429,Folldal,34,Innlandet,1540,1260,49,52,29.6,607900,1038,95
4030,Nissedal,40,Telemark,1486,786,45.6,48,27.5,663800,935,136
1827,Dønna,18,Nordland - Nordlánnda,1447,186,46.3,49,26.7,629400,807,108
1825,Grane,18,Nordland - Nordlánnda,1430,1881,47.1,49,20.9,620900,876,155
3336,Rollag,33,Buskerud,1414,430,47.5,50,26.9,596100,939,116
4218,Iveland,42,Agder,1399,246,39.7,39,19.3,677100,825,159
1811,Bindal,18,Nordland - Nordlánnda,1374,1192,48.2,52,23.4,591000,842,117
1853,Evenes - Evenášši,18,Nordland - Nordlánnda,1362,241,48,50,27.4,623900,963,191
3124,Aremark,31,Østfold,1346,282,46.4,50,24.0,659400,913,178
3425,Engerdal,34,Innlandet,1326,1916,49.1,53,25.1,618100,849,77
5042,Lierne,50,Trøndelag - Trööndelage,1316,2630,46.9,50,25.4,668600,812,98
5514,Ibestad,55,Troms - Romsa - Tromssa,1301,234,50.6,55,23.6,563300,775,97
4637,Hyllestad,46,Vestland,1281,248,48.6,51,25.9,604200,772,141
1826,Aarborte - Hattfjelldal,18,Nordland - Nordlánnda,1274,2411,47.6,51,21.5,613200,777,63
1859,Flakstad,18,Nordland - Nordlánnda,1266,169,46.5,47,25.2,600300,763,113
4032,Fyresdal,40,Telemark,1256,1107,45.7,48,29.5,625400,852,93
3450,Etnedal,34,Innlandet,1254,443,48.4,52,26.3,544500,878,104
5624,Lebesby,56,Finnmark - Finnmárku - Finmarkku,1238,3231,45.9,48,24.2,549900,567,45
5046,Høylandet,50,Trøndelag - Trööndelage,1235,703,45.1,47,32.9,665100,799,217
1815,Vega,18,Nordland - Nordlánnda,1207,163,47.4,52,25.4,618400,687,94
4221,Valle,42,Agder,1205,1130,44.8,45,29.0,695600,789,118
4220,Bygland,42,Agder,1162,1150,45.8,48,31.5,603600,774,104
1836,Rødøy,18,Nordland - Nordlánnda,1160,686,45.1,47,23.3,654500,643,81
5546,Kvænangen,55,Troms - Romsa - Tromssa,1131,2008,48.6,52,23.0,594000,743,76
5049,Flatanger,50,Trøndelag - Trööndelage,1121,434,46.7,50,30.2,648700,744,108
3320,Flå,33,Buskerud,1117,671,44.9,45,25.8,565200,627,133
4620,Ulvik,46,Vestland,1100,663,45.1,46,33.3,700300,558,114
5618,Måsøy,56,Finnmark - Finnmárku - Finmarkku,1098,1068,48.4,50,20.7,571700,460,35
5528,Dyrøy,55,Troms - Romsa - Tromssa,1069,277,48.7,52,22.7,601900,727,87
5516,Gratangen - Rivtták,55,Troms - Romsa - Tromssa,1062,306,47.7,51,23.4,579400,639,121
1839,Beiarn,18,Nordland - Nordlánnda,1059,1178,49.2,53,20.7,559300,646,70
5626,Gamvik,56,Finnmark - Finnmárku - Finmarkku,1051,1355,46.1,47,20.9,503600,439,22
4222,Bykle,42,Agder,1039,1254,42.7,42,35.0,588400,565,112
5518,Loabák - Lavangen,55,Troms - Romsa - Tromssa,985,296,46.2,49,25.6,640800,612,96
5616,Hasvik,56,Finnmark - Finnmárku - Finmarkku,977,534,45.5,46,21.3,550400,471,38
1874,Moskenes,18,Nordland - Nordlánnda,969,110,48.5,48,22.9,520900,493,52
4619,Eidfjord,46,Vestland,967,1388,45.4,48,29.7,708000,555,144
4224,Åseral,42,Agder,915,797,42.5,44,23.2,687100,544,95
1145,Bokn,11,Rogaland,893,45,43.9,45,22.9,763000,549,160
5020,Osen,50,Trøndelag - Trööndelage,891,370,48.6,52,21.1,609700,589,96
5630,Berlevåg,56,Finnmark - Finnmárku - Finmarkku,890,1083,47.1,50,18.3,560900,399,35
5636,Unjárga - Nesseby,56,Finnmark - Finnmárku - Finmarkku,868,1363,48.4,51,29.4,594400,578,77
5614,Loppa,56,Finnmark - Finnmárku - Finmarkku,864,671,49,51,23.7,544000,434,33
5044,Namsskogan,50,Trøndelag - Trööndelage,811,1353,47.3,51,19.7,580800,516,44
5033,Tydal,50,Trøndelag - Trööndelage,786,1217,49.1,53,25.8,639100,482,75
4636,Solund,46,Vestland,740,219,48.6,52,24.3,720900,385,75
1857,Værøy,18,Nordland - Nordlánnda,677,19,45.9,49,16.7,527400,309,45
5052,Leka,50,Trøndelag - Trööndelage,593,108,47.4,52,23.1,665800,356,38
1144,Kvitsøy,11,Rogaland,570,6,44.5,46.5,28.3,793300,271,73
4633,Fedje,46,Vestland,521,9,46.1,48,26.1,685200,230,57
1816,Vevelstad,18,Nordland - Nordlánnda,470,516,47.3,50,24.7,642900,265,44
1835,Træna,18,Nordland - Nordlánnda,463,16,43,44,27.8,559500,137,10
1856,Røst,18,Nordland - Nordlánnda,458,10,47.9,52,18.5,595300,226,50
5043,Raarvihke - Røyrvik,50,Trøndelag - Trööndelage,443,1330,47,50,26.1,609500,244,35
4629,Modalen,46,Vestland,392,379,42.8,42,28.4,628400,198,55
1151,Utsira,11,Rogaland,217,6,47.2,49,33.3,732700,85,19
